ID,name,location,email,createdAt,createdBy,modifiedAt,modifiedBy
15591437-1cad-4fd4-aed4-12417bdbd743,name-15591437,location-15591437,email-15591437,2007-09-17T00:00:00.000Z,createdBy.9a6fh@example.net,2009-02-07T00:00:00.000Z,modifiedBy.9a6fh@example.net
15218489-1fd4-4279-af13-8a5cad91d4b9,name-15218489,location-15218489,email-15218489,2019-05-05T00:00:00.000Z,createdBy.926nt@example.org,2009-01-03T00:00:00.000Z,modifiedBy.926nt@example.com
15218490-a11a-4e05-b219-ed0472a7d9ec,name-15218490,location-15218490,email-15218490,2010-04-20T00:00:00.000Z,createdBy.926nu@example.net,2005-04-08T00:00:00.000Z,modifiedBy.926nu@example.net
15218491-81ab-4232-93ab-66dd7be106fd,name-15218491,location-15218491,email-15218491,2009-09-05T00:00:00.000Z,createdBy.926nv@example.net,2002-11-27T00:00:00.000Z,modifiedBy.926nv@example.com
15218492-d1df-45de-839e-65d5a87c2ffe,name-15218492,location-15218492,email-15218492,2004-04-30T00:00:00.000Z,createdBy.926nw@example.com,2002-09-20T00:00:00.000Z,modifiedBy.926nw@example.net
15218493-b1fa-4956-a593-efdfdd7770e7,name-15218493,location-15218493,email-15218493,2018-02-10T00:00:00.000Z,createdBy.926nx@example.org,2022-09-19T00:00:00.000Z,modifiedBy.926nx@example.com
15218494-0b4d-4292-8404-75a7c9ff2967,name-15218494,location-15218494,email-15218494,2016-05-06T00:00:00.000Z,createdBy.926ny@example.com,2020-11-11T00:00:00.000Z,modifiedBy.926ny@example.com
15218495-8082-46c5-86e6-ca787753fa9c,name-15218495,location-15218495,email-15218495,2000-03-31T00:00:00.000Z,createdBy.926nz@example.com,2016-10-15T00:00:00.000Z,modifiedBy.926nz@example.org
15218496-1edf-44ad-ab82-f7fd0475758c,name-15218496,location-15218496,email-15218496,2002-07-08T00:00:00.000Z,createdBy.926o0@example.com,2013-02-25T00:00:00.000Z,modifiedBy.926o0@example.net
15218497-eccf-41c8-bf5e-2191e03e8378,name-15218497,location-15218497,email-15218497,2013-10-18T00:00:00.000Z,createdBy.926o1@example.com,2007-02-10T00:00:00.000Z,modifiedBy.926o1@example.net
15218498-1042-4ac0-bded-9b6aa350c9c2,name-15218498,location-15218498,email-15218498,2000-04-14T00:00:00.000Z,createdBy.926o2@example.com,2005-07-29T00:00:00.000Z,modifiedBy.926o2@example.com
15218499-696d-4349-b35f-6f1b3684fe3e,name-15218499,location-15218499,email-15218499,2015-03-26T00:00:00.000Z,createdBy.926o3@example.org,2018-04-01T00:00:00.000Z,modifiedBy.926o3@example.com
15218500-1c78-4a09-9373-1ba8d52c9b2f,name-15218500,location-15218500,email-15218500,2009-02-28T00:00:00.000Z,createdBy.926o4@example.net,2003-09-20T00:00:00.000Z,modifiedBy.926o4@example.org
15218501-c215-44de-83a2-3eb518195751,name-15218501,location-15218501,email-15218501,2003-06-23T00:00:00.000Z,createdBy.926o5@example.net,2002-06-29T00:00:00.000Z,modifiedBy.926o5@example.com
15218502-973a-4da4-8d8c-70ccc9032c8f,name-15218502,location-15218502,email-15218502,2011-07-21T00:00:00.000Z,createdBy.926o6@example.net,2014-10-11T00:00:00.000Z,modifiedBy.926o6@example.com
15218503-a05c-43ef-aaff-f61b04e21c6a,name-15218503,location-15218503,email-15218503,2020-09-10T00:00:00.000Z,createdBy.926o7@example.net,2012-06-05T00:00:00.000Z,modifiedBy.926o7@example.org
15218504-fab0-4720-98e9-db2e91b4a683,name-15218504,location-15218504,email-15218504,2014-10-12T00:00:00.000Z,createdBy.926o8@example.com,2022-01-19T00:00:00.000Z,modifiedBy.926o8@example.net
15218505-9ce1-4ded-9ab4-46d0e230495a,name-15218505,location-15218505,email-15218505,2010-12-25T00:00:00.000Z,createdBy.926o9@example.org,2010-06-21T00:00:00.000Z,modifiedBy.926o9@example.com
15218506-2072-460e-ba49-22e32d6d1979,name-15218506,location-15218506,email-15218506,2008-06-23T00:00:00.000Z,createdBy.926oa@example.net,2005-12-19T00:00:00.000Z,modifiedBy.926oa@example.com
15218507-8112-49aa-84f1-3039d28bca22,name-15218507,location-15218507,email-15218507,2002-08-07T00:00:00.000Z,createdBy.926ob@example.com,2014-07-20T00:00:00.000Z,modifiedBy.926ob@example.com
